baseMean	log2FoldChange	lfcSE	stat	pvalue	padj
ENSG00000229807	3243.67227995629	-8.45874213419284	0.923332134144511	-9.161104462188	5.13688401219166e-20	1.59414633845015e-16
ENSG00000270641	2046.22374639326	-7.98281763808708	0.909433198629281	-8.77779439998338	1.66711675267345e-18	3.88021424184746e-15
ENSG00000151651	592.037507712643	-3.00192860658876	0.451070414030944	-6.65512193487118	2.83065277870224e-11	4.9412582568221e-08
ENSG00000148344	306.580142116945	-2.20654260031934	0.350891039895404	-6.28839824743624	3.20758197967989e-10	4.71514551012943e-07
ENSG00000112559	167.338072590593	-2.41939870814777	0.38752808495228	-6.24315708226847	4.28825849311232e-10	5.45102453015596e-07
ENSG00000278039	19.5081175075914	-7.34254991295821	1.18250620700574	-6.20931194226077	5.32170918334961e-10	6.46240597786759e-07
ENSG00000177238	74.2937734584315	-6.32289793295125	1.03079010394483	-6.13403049636732	8.56800828634352e-10	9.57217885750298e-07
ENSG00000174502	95.4382279907289	-6.44534864744514	1.10265026985222	-5.84532450920179	5.05581688271183e-09	5.04317734050505e-06
ENSG00000308845	483.275873186209	-3.27726756744223	0.563852017313109	-5.81228312893019	6.16264946724772e-09	5.93526895242168e-06
ENSG00000161328	51.3259730043767	-1.8070073145576	0.312639308703044	-5.77984682109813	7.47686693363308e-09	6.73641591794748e-06
ENSG00000183421	342.74366391964	-1.48204288896947	0.25880694092091	-5.7264418168073	1.02558913702927e-08	8.71664201043523e-06
ENSG00000129455	28.3032966606941	-6.79239758742912	1.19290457934479	-5.69399908847686	1.24097746512275e-08	1.01942648826113e-05
ENSG00000228323	44.1661149272301	-2.19847991914443	0.386780191307411	-5.68405510042547	1.31537866930436e-08	1.04967217810488e-05
ENSG00000275454	106.453434084204	-1.98658316564732	0.351243499525617	-5.65585745595396	1.55070128690213e-08	1.17056991738315e-05
ENSG00000175866	461.112169966154	-2.16534336739968	0.385893396146089	-5.61124753370991	2.00873186508712e-08	1.33580669028293e-05
ENSG00000102854	853.509128541637	-4.62647166941629	0.830604254470845	-5.57000718996279	2.54728823396471e-08	1.65455256685196e-05
ENSG00000181085	230.544671919027	-3.28043793204007	0.592820729496319	-5.53360867597737	3.13708457705114e-08	1.99133573265996e-05
ENSG00000165272	1249.63289825628	-3.695752278371	0.673232669389958	-5.48956170192968	4.029323451024e-08	2.4465000866761e-05
ENSG00000132329	166.895055489153	-3.81611234952421	0.695650972093437	-5.48567097957228	4.11902930595003e-08	2.44775507479115e-05
ENSG00000283445	157.414922424681	-4.71927905075836	0.865266867198014	-5.45413123934904	4.92128468699038e-08	2.74902962615283e-05
ENSG00000127528	194.633937304072	-2.15290016151536	0.399998042453294	-5.38227674393368	7.35495707214766e-08	3.87592360424687e-05
ENSG00000167772	326.254651398236	-3.80570753945697	0.708943985230603	-5.36813573249946	7.95546744662526e-08	4.11474455156006e-05
ENSG00000163286	53.7933629586797	-5.2774809327345	0.98403699071763	-5.36309202043897	8.18093021592348e-08	4.15442510783169e-05
ENSG00000187608	619.178529300192	-3.10431262177974	0.581308517517998	-5.34021526991238	9.28362778445404e-08	4.63020935749645e-05
ENSG00000304518	38.461929394241	-6.15978712531291	1.16409083282566	-5.29150041527338	1.2131691501437e-07	5.84203695922648e-05
ENSG00000229124	1255.43228079081	-2.74619746543088	0.521287535062887	-5.26810499142203	1.37839268234125e-07	6.52517078267647e-05
ENSG00000267275	21.656463252425	-4.24650595636545	0.810974555538974	-5.23629986583638	1.63827705702638e-07	7.50116036110602e-05
ENSG00000225864	659.104860754926	-2.49804833581189	0.481961040239314	-5.18309184197026	2.18237504848749e-07	9.83124759746058e-05
ENSG00000184292	962.844918517338	-4.2207962469938	0.815839805522133	-5.17356007689832	2.29675228335209e-07	0.000101822684561942
ENSG00000140406	351.878233644539	-1.34029484495921	0.26209133111238	-5.1138465330794	3.1566384763589e-07	0.0001241759333024
ENSG00000255198	917.24423106497	-4.14038216085457	0.808777261394591	-5.11931078986472	3.06654253290263e-07	0.0001241759333024
ENSG00000179477	28.6896887347127	-3.21147937094338	0.62744357830639	-5.1183556290621	3.08211030630873e-07	0.0001241759333024
ENSG00000268149	62.8434114320222	-1.64922651609418	0.322445588816863	-5.11474361347482	3.14167386307476e-07	0.0001241759333024
ENSG00000298396	5782.51477125627	-1.74454051062286	0.342038102428879	-5.10042740336394	3.38887346955533e-07	0.000131460050006501
ENSG00000169220	274.894892101669	-1.61296286311299	0.317527437017525	-5.07975902260053	3.77913932455757e-07	0.000142636974776882
ENSG00000213145	18.6368795854089	-3.41807929244152	0.676236176884426	-5.05456438043494	4.31374228935628e-07	0.000160643762855628
ENSG00000163083	102.121941444491	-1.98656390758892	0.396432917470315	-5.01109726272334	5.41205502013372e-07	0.000198893021989914
ENSG00000273061	48.3305644671675	-1.57738147984096	0.316618370328886	-4.98196449625605	6.29419851118597e-07	0.000225380723612082
ENSG00000163283	46.8448263574267	-6.52033087714735	1.31152999750565	-4.97154536270472	6.64213183775799e-07	0.000231893427785726
ENSG00000161091	913.89326111975	-1.40793033598647	0.283188706623197	-4.97170368400255	6.63670883138926e-07	0.000231893427785726
ENSG00000269371	25.2491433733294	-2.64005811174541	0.533202691647941	-4.95132180144463	7.37110974945921e-07	0.000254166784323945
ENSG00000166897	48.7824331136064	-4.38934451617039	0.887634695911935	-4.94498979860277	7.61478519794819e-07	0.000259367012900845
ENSG00000125148	762.710434825307	-2.11888726278175	0.428866876061287	-4.9406642971395	7.78568561515906e-07	0.00026199301112216
ENSG00000296451	53.5442222350589	-2.46954987399748	0.5006944829455	-4.93224902233701	8.1288191059879e-07	0.000270283235274098
ENSG00000294832	140.23305101682	-3.72233106764734	0.755086356634422	-4.92967597009506	8.23661159676647e-07	0.000270645366938456
ENSG00000131142	25.0937823642053	-6.24561703997096	1.27758940430005	-4.88859489515941	1.01558240015155e-06	0.00032982809809573
ENSG00000100290	242.531381503587	-2.56465971048611	0.527195450926194	-4.86472276264986	1.1461735163809e-06	0.000367961221982971
ENSG00000289506	740.099395262249	-3.25166853302895	0.672361215337271	-4.83619289580503	1.32349492844817e-06	0.000415339475860196
ENSG00000188580	14.9942108437742	-4.64663863462722	0.961612657731867	-4.83213131323285	1.35079107794328e-06	0.000419195497855064
ENSG00000167755	1609.52018143465	-5.520681041522	1.1433718276303	-4.8284214357143	1.37619607646834e-06	0.00042238633423913
ENSG00000100258	810.550197866732	-1.76617334836757	0.366869719754663	-4.81417040781853	1.4781263809788e-06	0.000443914729255246
ENSG00000179820	1967.66082493133	-1.32979271853541	0.27704874452193	-4.79985109057279	1.58783647522659e-06	0.000466823923716617
ENSG00000269495	818.821611357445	-5.40044339770812	1.13091642604083	-4.7752807133718	1.79456747608952e-06	0.000511451730685514
ENSG00000185507	281.071005145767	-2.2371491831885	0.471508687641754	-4.74466164001681	2.08855148119465e-06	0.0005775568600967
ENSG00000151929	852.154536038941	-1.50712748678995	0.31756838984257	-4.74583596792201	2.07646940166363e-06	0.0005775568600967
ENSG00000130304	244.161958184783	-1.49078363888869	0.3139970442224	-4.74776328732824	2.05678553568569e-06	0.0005775568600967
ENSG00000132819	503.242302275257	-1.75191069772529	0.372364436721847	-4.70482818699992	2.5407983798652e-06	0.000682350949515721
ENSG00000255521	231.579023553913	-1.7227713043611	0.367069855681465	-4.6933064039344	2.68824386398951e-06	0.000705226201770508
ENSG00000236883	49.252011744813	-1.61952611445765	0.34514670057549	-4.69228334432079	2.70172587144448e-06	0.000705226201770508
ENSG00000124143	11.3866244359662	-4.90520786749647	1.04668867518691	-4.68640578978321	2.78044718698325e-06	0.000712457705802222
ENSG00000299225	84.8788856091549	-1.44116820926893	0.308017397389218	-4.67885327739405	2.88483777746272e-06	0.000732486537495762
ENSG00000167759	42.5295541604273	-5.54501552905741	1.18829438024361	-4.66636518799379	3.06574628077423e-06	0.000751107838789687
ENSG00000142185	294.534019031779	-1.58288221986982	0.339096546299795	-4.66793966833974	3.04235201975167e-06	0.000751107838789687
ENSG00000163736	18.3495692101612	-7.21414994531815	1.55365786341534	-4.64333243192911	3.42834060894071e-06	0.00081840643767277
ENSG00000178685	1285.06191548988	-1.91951333243648	0.414380437687525	-4.63224891394112	3.6171488975908e-06	0.000834933625700092
ENSG00000127666	387.636761712301	-1.76312658223836	0.380574684370404	-4.6328004847594	3.60752170282876e-06	0.000834933625700092
ENSG00000241313	38.2648759606731	-2.94071031916994	0.639521081650622	-4.5983008278318	4.2595065283157e-06	0.00095919353075978
ENSG00000142530	82.0911868597982	-2.54226426657225	0.553065808959477	-4.59667588447602	4.29284609183575e-06	0.00095919353075978
ENSG00000228705	86.5374509550343	-4.08241411501479	0.891823131542551	-4.57760509973946	4.70329502371229e-06	0.00104256373025623
ENSG00000177989	167.700082815729	-2.25032852026732	0.491926717058416	-4.57451982629375	4.77313409208333e-06	0.00104971366292825
ENSG00000123989	1512.52976803647	-2.23872893055126	0.490936766532859	-4.56011666504798	5.11252094017937e-06	0.0011071059672001
ENSG00000196843	351.397282400222	-1.12068684725701	0.246841377448018	-4.54010935623228	5.62250590878552e-06	0.00120797376947984
ENSG00000126709	783.222200182199	-2.89334498271452	0.639596733903818	-4.52370193489702	6.07672865648116e-06	0.00127367668509865
ENSG00000168334	46.5181297536933	-3.24138108524334	0.716719893932577	-4.52252143784955	6.11072953108552e-06	0.00127367668509865
ENSG00000267436	178.231642380949	-1.72122972633962	0.380465828355498	-4.52400609479005	6.06799756878848e-06	0.00127367668509865
ENSG00000272691	42.5081673702115	-3.31056762868117	0.734217269299289	-4.50897543153767	6.51414511928796e-06	0.00133779465574789
ENSG00000138080	1267.82954759904	-1.84238066457209	0.408745184595386	-4.50740640870388	6.56248619016642e-06	0.00133788495833101
ENSG00000147234	48.5881013161804	-4.31554650421337	0.964678702582492	-4.47355839064389	7.69285381791959e-06	0.00153001224227594
ENSG00000130203	2224.50415085324	-3.75662207147037	0.839901361534586	-4.47269434663928	7.72401454210198e-06	0.00153001224227594
ENSG00000160256	184.488999884801	-2.27855956283239	0.509094909262841	-4.47570683064125	7.61589300572052e-06	0.00153001224227594
ENSG00000296923	95.3268563841248	-2.12424154572946	0.477386386490743	-4.44973213699016	8.59774545121206e-06	0.00166760437814134
ENSG00000294400	193.693253135269	-2.14071841732322	0.483112689312199	-4.43109540420255	9.37555939538643e-06	0.00180592671664237
ENSG00000170458	814.973547766337	-1.77118200460348	0.400218083336466	-4.42554216900398	9.62003613172752e-06	0.00184032609013116
ENSG00000102109	7.13216463390124	-5.07562049418426	1.15361552359572	-4.39975051511443	1.08375401879126e-05	0.00204171219707323
ENSG00000178209	6153.45880739119	-2.26942509258126	0.516339332119362	-4.39522025809307	1.1066048982834e-05	0.00204685263636128
ENSG00000187653	342.02798027204	-2.07424934276943	0.473331753677683	-4.38223154616815	1.17469866085446e-05	0.00214440088873627
ENSG00000221869	263.835104989224	-1.74717054536447	0.399377784701731	-4.37473142545802	1.21582076357417e-05	0.00220505674848224
ENSG00000173272	333.055982453533	-1.80708129222962	0.413611853117975	-4.36902685115792	1.24801422704867e-05	0.0022488411200948
ENSG00000204710	44.7467917258458	-4.31537835579205	0.988888032519291	-4.36386953212306	1.27781803312738e-05	0.0022877857477723
ENSG00000254548	52.4477192492998	-3.2905183138718	0.757749503395872	-4.34248824859042	1.40878023070837e-05	0.00247466866941413
ENSG00000152082	450.935089389724	-2.3497435160491	0.541730539425125	-4.33747655899668	1.44127900087777e-05	0.00251593265590725
ENSG00000100243	1136.19307878646	-1.32330553259889	0.30591171231102	-4.32577596523498	1.51995844964817e-05	0.00263679748438966
ENSG00000224516	26.7402496647083	-5.3228347047114	1.23446679123091	-4.31184924740172	1.61894804409057e-05	0.00275714749216156
ENSG00000077150	1007.29820996513	-1.03083625779539	0.239000153178198	-4.31311965321962	1.6096694445883e-05	0.00275714749216156
ENSG00000296591	51.201816315645	-4.1201830101635	0.958653894411642	-4.29788376616589	1.72436541342531e-05	0.00291888036345267
ENSG00000182809	320.114724420576	-1.70770749351059	0.39855927009404	-4.28470147766894	1.82984718617578e-05	0.00307877300661984
ENSG00000309317	21.8702042683057	-5.9290377606475	1.38594809683295	-4.27796522409174	1.88609477463693e-05	0.00315440880572512
ENSG00000293352	32.3122951844519	-1.82102915753144	0.427507469657978	-4.25964289931198	2.04753762226983e-05	0.00338388909999978
ENSG00000184497	105.7444104317	-1.39910045977968	0.32926296614371	-4.24918865357313	2.14546178880043e-05	0.0035042542550407
ENSG00000285602	7.11538906523347	-2.74614664358131	0.647117472645687	-4.24366016938766	2.19903286674934e-05	0.00357087139350635
ENSG00000296045	9.45542203123431	-3.33514457286877	0.786177385478769	-4.24222908782567	2.21310612611615e-05	0.00357295110418636
ENSG00000100304	1519.18596038546	-1.4764362076878	0.34828034621983	-4.23921769836503	2.24300063064176e-05	0.00360040273642669
ENSG00000160932	2240.20036161767	-2.81070585764044	0.663742371123702	-4.23463376743898	2.28924482974901e-05	0.00365363474827943
ENSG00000303839	11.3896572336514	-3.03521962648494	0.717730856468671	-4.22891059946707	2.3482562963793e-05	0.00368465159313898
ENSG00000105376	19.650809453027	-2.86094740810287	0.676509487271131	-4.22898342437623	2.34749638960776e-05	0.00368465159313898
ENSG00000135766	69.1692054215559	-1.70435820403454	0.403230464335718	-4.22675952037081	2.37080803898158e-05	0.00369925522507014
ENSG00000160360	91.8499235522579	-1.75682710396465	0.416137562611967	-4.22174603258016	2.42417158382999e-05	0.00376150624090954
ENSG00000114378	169.487228661941	-2.87628914816564	0.685089817344683	-4.19841176345863	2.68793548828662e-05	0.00411431730198788
ENSG00000100263	254.245010891439	-1.09515676622206	0.260967815697783	-4.19652041495539	2.71047040302818e-05	0.00411431730198788
ENSG00000137203	155.32236913531	-2.68845252614479	0.641072724659546	-4.19367791317676	2.74467622198957e-05	0.00414371929081993
ENSG00000106211	2868.39030756891	-2.15466284288221	0.514616393946767	-4.18693004775338	2.82752922790907e-05	0.00424585437287636
ENSG00000255050	657.682170911865	-2.12508918985117	0.508729288073148	-4.17724955034555	2.95055258594699e-05	0.00438345392156913
ENSG00000255224	92.4250181489257	-2.1783054526902	0.522211472299813	-4.17130907350038	3.02854751269026e-05	0.00445196484365469
ENSG00000294170	118.907450554883	-1.63296467694967	0.391468336781207	-4.1713837966475	3.02755438575368e-05	0.00445196484365469
ENSG00000175602	125.736004405776	-3.07766559417722	0.738211312478747	-4.16908484352958	3.0582513704934e-05	0.0044720921873236
ENSG00000290074	182.086548323174	-2.72366974047198	0.653661098229377	-4.1667918556723	3.08916318212186e-05	0.0044937670664929
ENSG00000158786	31.7109513435854	-4.8123629904215	1.15574651369507	-4.1638568089085	3.12916400279129e-05	0.00450502838133818
ENSG00000293498	18.6000207928743	-3.40401179157786	0.817452769397185	-4.16416937958151	3.12488077461295e-05	0.00450502838133818
ENSG00000251151	5.24099265556596	-5.92214234136625	1.42482913006262	-4.15638774953035	3.23318912172003e-05	0.00460729449845104
ENSG00000183914	205.6802583844	-3.19976457635473	0.770599485684817	-4.1523056215268	3.29142290360957e-05	0.00466646912171651
ENSG00000189334	3774.57008109072	-2.64641868556086	0.639136130412475	-4.14061818700964	3.4637108877984e-05	0.00482788552355345
ENSG00000310390	30.8007187202946	-1.76657200607635	0.426717470712318	-4.1399101919296	3.47441815336285e-05	0.00482788552355345
ENSG00000261359	294.396573602876	-1.58029036935486	0.381941655522034	-4.13751772425799	3.51083336820265e-05	0.00485433544425247
ENSG00000249609	14.0105424431287	-2.67755437543496	0.647722080983244	-4.13380129232344	3.56812002014806e-05	0.0049092409932382
ENSG00000126705	255.457735876447	-1.42681858629043	0.345428026901523	-4.13058140964687	3.61846924878088e-05	0.00494970852627202
ENSG00000178860	130.449587147655	-1.30951906633509	0.317100819054128	-4.12966157022622	3.63297618290642e-05	0.00494970852627202
ENSG00000232629	110.201145752976	-2.33300656467461	0.566250582640079	-4.12009565411348	3.78715140553667e-05	0.00512053155113945
ENSG00000103490	294.162652095725	-1.57884496798714	0.383250405902975	-4.11961721023419	3.79502338376608e-05	0.00512053155113945
ENSG00000174951	125.172756152937	-1.77534898167457	0.431806660413261	-4.11144418192963	3.93191938423092e-05	0.0052797359808447
ENSG00000253125	8.23964173155344	-2.9433978913319	0.716186233250186	-4.10982193552397	3.95964330601002e-05	0.00529152332712248
ENSG00000129667	721.108310338079	-1.54327241556689	0.375861505438073	-4.10596028919796	4.02638653690985e-05	0.0053550940940901
ENSG00000104951	173.242547213201	-2.45459774199974	0.598260130540652	-4.1028937358428	4.08014676914263e-05	0.00540087674228217
ENSG00000296925	10.8858104936198	-2.82728532027821	0.689612097295944	-4.09981978472297	4.13471983422989e-05	0.00544729834764344
ENSG00000100300	919.393168586423	-1.83916419367653	0.449063495500886	-4.09555488723288	4.21158428369215e-05	0.00545586605781544
ENSG00000218537	855.768379906778	-2.70485779922795	0.660383753541938	-4.09588786023365	4.20553479636876e-05	0.00545586605781544
ENSG00000197182	85.5882045716453	-1.56611776409106	0.382640033907335	-4.09292709939056	4.25961671137724e-05	0.00548253892851458
ENSG00000296575	2118.14909450467	-2.02396292934552	0.494940224279344	-4.08930781953014	4.32662368786109e-05	0.00554323851385139
ENSG00000204421	30.3235392131793	-1.65385520175813	0.405479091023753	-4.07876814950551	4.52749606953996e-05	0.00571771046769787
ENSG00000267551	51.8994016725474	-2.34671049658971	0.575472209533439	-4.07788674711555	4.54468930837425e-05	0.00571771046769787
ENSG00000295726	39.0358158912001	-4.60873946593262	1.13237125815739	-4.06998979595438	4.70151969400836e-05	0.00588849529388581
ENSG00000247877	77.3759939425785	-1.59498265159444	0.392887832151301	-4.05963870874019	4.91487044213723e-05	0.00607399696676517
ENSG00000204642	2398.94440064876	-1.57817310368991	0.388734016779138	-4.05977618518155	4.91197765878886e-05	0.00607399696676517
ENSG00000075618	695.984954285504	-1.96153147135842	0.483585994917292	-4.0562205935966	4.98731592991824e-05	0.00611748183361584
ENSG00000272933	38.4248513373325	-3.10946720401196	0.766757710953885	-4.05534520173736	5.00603164398424e-05	0.00611748183361584
ENSG00000183018	1877.52612970816	-3.07726873918622	0.759250402095781	-4.05303537632901	5.05573537668565e-05	0.00613942126394914
ENSG00000223612	24.7491422560447	-1.67878259992873	0.41436974802432	-4.05141207323416	5.09094573355079e-05	0.00615541620511142
ENSG00000233276	160.787661652661	-2.5149006788902	0.621225516188843	-4.04828941077447	5.15933260332765e-05	0.00619646448152949
ENSG00000268112	85.6594147495232	-2.00098643384076	0.494334483747607	-4.04783906368629	5.16926682490645e-05	0.00619646448152949
ENSG00000274276	5.68309620055542	-4.72254046633322	1.1672447122434	-4.04588722210329	5.21253248422531e-05	0.00622162531129969
ENSG00000188643	2688.72899833119	-1.81878392240728	0.450146509834351	-4.04042657817467	5.33540668069313e-05	0.00631431816066776
ENSG00000169660	308.287839750329	-1.26581021240102	0.313595246151242	-4.03644579417679	5.42670565834272e-05	0.00639526957964187
ENSG00000125657	372.238951021854	-4.16610064465966	1.03319301348011	-4.03225785531298	5.52435243501606e-05	0.00645586458200831
ENSG00000214063	260.877751067136	-1.53982748013733	0.382841208740496	-4.0221048439461	5.76803709492487e-05	0.00659045635590191
ENSG00000259721	42.4653101613926	-2.72978632130386	0.67878588077889	-4.02157204297104	5.78110206658062e-05	0.00659045635590191
ENSG00000225968	33.9871749771914	-2.32874963784199	0.579303934158896	-4.01990993073982	5.82203954713484e-05	0.00661014490046651
ENSG00000162006	5.01659983584078	-5.36055855889954	1.33612445322131	-4.01202039673443	6.02012971499875e-05	0.00677992834435141
ENSG00000131650	28.1169120935729	-2.5271478212788	0.631310794306241	-4.00301696734954	6.25398150359015e-05	0.00698694813581092
ENSG00000108639	3412.56008682665	-1.04854943388619	0.262197334503519	-3.99908502453567	6.35878350851433e-05	0.00704765172193671
ENSG00000132026	8.03361162693328	-4.23861299960962	1.06155479176362	-3.99283488002326	6.52880334069367e-05	0.00717911327974702
ENSG00000198832	243.441794181435	-2.00700801756263	0.504224876934698	-3.98038278032553	6.88043865677378e-05	0.00750666608139421
ENSG00000273398	122.829996648176	-1.16666095781076	0.293405430836797	-3.97627594855155	7.00028903772461e-05	0.00760770711376063
ENSG00000019169	194.582527513777	-3.87144391616885	0.97497388762372	-3.97081805504005	7.1626265362138e-05	0.00772004582892827
ENSG00000187860	94.144898262087	-1.11303874424073	0.280360805633613	-3.97002263467347	7.18658043509255e-05	0.00772004582892827
ENSG00000286885	59.7584146157961	-1.55808570180262	0.392948909231536	-3.96511013314596	7.33620671502496e-05	0.00785058442722786
ENSG00000164756	13.2329999784327	-4.28448045680846	1.08143872876521	-3.96183375243135	7.43763227632604e-05	0.00792874310983917
ENSG00000167680	181.45099112217	-2.03473397931994	0.513938200590649	-3.95910243095669	7.52319677595311e-05	0.00796534933525183
ENSG00000127220	72.3109429735617	-1.75977519146941	0.445498953110281	-3.95012194570474	7.81113859480911e-05	0.00823264531898182
ENSG00000140564	1837.09065394902	-1.11897181639919	0.283707690666142	-3.94410110551414	8.00998610533797e-05	0.00841048541060487
ENSG00000189280	124.71307607302	-5.89157042775433	1.49599092052522	-3.93823942840901	8.20816678524459e-05	0.00852477573967174
ENSG00000310376	26.2979395038074	-1.88318314223246	0.478128977489513	-3.93865093080195	8.19410418856956e-05	0.00852477573967174
ENSG00000103254	77.3490685298638	-2.3943574444613	0.609725477377294	-3.92694340863124	8.6032213195189e-05	0.00883411659757951
ENSG00000134757	308.092490477135	-3.64055608117048	0.928290419067702	-3.92178568946856	8.7895153018854e-05	0.00895953147378318
ENSG00000198933	136.03279102972	-1.16902443592304	0.298162544114868	-3.92076221174404	8.82693309727441e-05	0.00896495423297724
ENSG00000142235	59.6445571458321	-2.28845011432411	0.584377024712536	-3.91605079862582	9.00112899349634e-05	0.00910875118798379
ENSG00000175592	327.111010892001	-2.423286809227	0.618954842032747	-3.91512699257435	9.03566364778058e-05	0.00911068901380908
ENSG00000183011	242.884389434704	-1.16135110936353	0.297466570589085	-3.90413990743116	9.45610693971428e-05	0.00943246667236499
ENSG00000178531	16.6748387150251	-2.55127156610383	0.653745482085984	-3.90254561754397	9.51862913914682e-05	0.00946104312656124
ENSG00000307901	15.7198136398751	-3.5312629864063	0.905892408655927	-3.89810418175999	9.69487083617635e-05	0.00954450273182591
ENSG00000182853	25.6385371294639	-1.84050262891154	0.472249695794095	-3.89730823609469	9.72677872527086e-05	0.00954450273182591
ENSG00000230043	119.559663366729	-1.74992720725727	0.449083790145173	-3.89666081399104	9.75280569688222e-05	0.00954450273182591
ENSG00000130479	387.11873293367	-1.68553655226381	0.432616133287415	-3.89614816131695	9.77346144397498e-05	0.00954450273182591
ENSG00000189001	10.5991714527776	-3.3191462124366	0.852513333824873	-3.8933657466036	9.88629253946873e-05	0.00962105054450737
ENSG00000170561	39.8530624972178	-3.37705319588467	0.868716887652881	-3.88740364540267	0.000101322187357551	0.00973352052598168
ENSG00000261441	16.9311820935283	-2.13958518204925	0.550257983433841	-3.88833101284118	0.000100935909051985	0.00973352052598168
ENSG00000059122	497.175497317853	-1.13265797499814	0.291539760709476	-3.88508919758238	0.000102292324907252	0.00975093731965719
ENSG00000100985	984.185971296942	-2.56923227698124	0.661190420425308	-3.88576754534433	0.000102007080192131	0.00975093731965719
ENSG00000178776	14.8472163422027	-4.08021942185638	1.05222971873364	-3.87768882518062	0.000105453475319936	0.00996895995697406
ENSG00000308028	121.53348963392	-2.318536196258	0.597987008317249	-3.87723506365535	0.000105650273801086	0.00996895995697406
ENSG00000100003	117.312246131125	-1.62143531091112	0.418444021665996	-3.87491570426918	0.000106661615535867	0.0100305014205951
ENSG00000173227	24.405472384362	-2.90992929407267	0.751612155313074	-3.87158360000255	0.000108130558377053	0.0101278771542801
ENSG00000263154	5.35504335488193	-3.83341210383824	0.990308581861387	-3.87092687476559	0.000108422315400278	0.0101278771542801
ENSG00000179403	747.969686093211	-1.81319870534015	0.469327446924688	-3.86339796920317	0.00011182061087221	0.0102472403617482
ENSG00000058453	271.598347875362	-1.27278864188476	0.329311937221507	-3.86499394046757	0.000111091957606128	0.0102472403617482
ENSG00000081277	716.81510830925	-3.93535916660226	1.02010814133985	-3.85778625532134	0.000114418638674145	0.01037569018886
ENSG00000179085	148.596202322259	-1.93829310872722	0.503163799414944	-3.8522109718167	0.00011705610278655	0.0105124660798339
ENSG00000104522	1964.27596833125	-1.43427778526153	0.372313890690434	-3.85233487421526	0.000116996871212464	0.0105124660798339
ENSG00000129451	2332.22206554137	-5.5141437707753	1.43176210700197	-3.85129886020076	0.000117493009109407	0.0105178837962363
ENSG00000162572	41.0780157877549	-2.04795139604882	0.532462809555006	-3.8461867369861	0.000119970343704376	0.0107053408934927
ENSG00000170638	679.23258933665	-1.60029025549873	0.416189739671773	-3.84509780745869	0.000120504363427188	0.0107187479952909
ENSG00000295480	254.486211756097	-1.11164161235294	0.289391163965098	-3.8413115214776	0.000122378684860378	0.0108509100576202
ENSG00000198569	11.4429471386093	-3.15952713147082	0.823098864187949	-3.83857549674539	0.000123750165858203	0.010913587487085
ENSG00000117984	2720.48155703899	-1.87927766211116	0.489900802627352	-3.83603711615196	0.000125035519749759	0.0109474672934507
ENSG00000225285	47.0889600731073	-2.02781391489941	0.52897080096794	-3.83350822236085	0.000126328576302453	0.0109932216584109
ENSG00000267801	91.0922881011837	-1.78246448680236	0.464973469349143	-3.8334756804456	0.000126345297255636	0.0109932216584109
ENSG00000271581	1711.08876857534	-1.83232416052191	0.478590461294093	-3.82858478952415	0.000128882229838464	0.0111791325446842
ENSG00000100344	29.0493342533459	-3.25880476469344	0.85388123612851	-3.8164613845701	0.000135379250975717	0.0115631268493938
ENSG00000307209	14.4052637996744	-2.65054862028997	0.6954317039464	-3.81137156279872	0.000138197855544044	0.0117678844675157
ENSG00000238123	146.121182623763	-1.41646129509461	0.371722388149473	-3.81053533564688	0.000138666189448791	0.0117718743808654
ENSG00000274798	14.025045866209	-2.50308757814795	0.657426703361861	-3.80740174584937	0.000140434506062662	0.0118858659222126
ENSG00000160789	5469.68597080878	-1.3537066622628	0.355866238064033	-3.80397609401548	0.000142391927886905	0.0120151255162576
ENSG00000198546	110.487333683729	-1.14551534900444	0.301544219096758	-3.79883040847442	0.00014538052484061	0.0121936278041989
ENSG00000177706	499.496005424387	-1.21423932755592	0.319775948628429	-3.7971565177556	0.000146365379708566	0.0122029404634634
ENSG00000183242	5.36939114512589	-6.04896344991496	1.5928757185933	-3.7975112429091	0.000146156149531536	0.0122029404634634
ENSG00000253368	240.134126958076	-2.91711041083626	0.768601160081681	-3.79534999729411	0.000147435315833683	0.0122555606286749
ENSG00000163975	878.14643978847	-1.95687225606435	0.516327755439468	-3.7899807543733	0.00015065895724102	0.0124863640229724
ENSG00000054356	46.8402174539067	-2.94836403949493	0.778311257266393	-3.78815546090167	0.000151769876683371	0.0125042261232051
ENSG00000279569	353.839217009564	-1.08700110984732	0.286919164512253	-3.78852737737183	0.000151542895315145	0.0125042261232051
ENSG00000255811	56.7336567771482	-3.64151917406416	0.961826965454257	-3.78604396097828	0.000153064607556634	0.0125229168767768
ENSG00000286883	258.000259625892	-1.37266629661026	0.362715513295077	-3.78441573711673	0.000154070095217732	0.0125229168767768
ENSG00000018280	563.382209649976	-2.80813633830484	0.741950445848476	-3.78480308761527	0.000153830330099124	0.0125229168767768
ENSG00000157005	34.6846036243621	-4.23214139540341	1.11860152644909	-3.7834217952822	0.000154686943161045	0.0125229168767768
ENSG00000310140	695.83310340708	-2.68691921123001	0.709971237167182	-3.7845465711413	0.000153989071277881	0.0125229168767768
ENSG00000161179	216.683257135572	-1.30359099264698	0.344721675484184	-3.78157535587516	0.000155839032625441	0.0125797230671346
ENSG00000142634	2529.31680279781	-1.54775987077661	0.410032785695375	-3.7747222289841	0.000160186053623154	0.0127855174500439
ENSG00000130303	1149.07006356086	-2.47369592440538	0.655641614058158	-3.77293916579547	0.000161335636765757	0.0128379040879418
ENSG00000182154	234.335381949857	-1.84804366741571	0.490698591171395	-3.76614830501972	0.000165785338313773	0.012987843940359
ENSG00000168209	2237.0303347803	-2.19486193888701	0.582839274039344	-3.76580995250304	0.000166010035327898	0.012987843940359
ENSG00000284194	295.442477088756	-1.22286901299582	0.325089124709844	-3.76164233142922	0.000168801319050647	0.0131693319583368
ENSG00000130522	940.366297728267	-1.42943975452612	0.380118696409931	-3.76050893583137	0.000169568017086477	0.013192297262466
ENSG00000169750	55.874769651026	-1.71377795433747	0.456081768035187	-3.75761118827546	0.000171543150556101	0.0132720227009194
ENSG00000273253	142.537314399574	-1.46997474699767	0.39113979601137	-3.75818252703425	0.000171152015850992	0.0132720227009194
ENSG00000237737	42.6003766211044	-1.91548822005307	0.510230111047342	-3.754165382598	0.000173920009275396	0.0133817792260656
ENSG00000158055	167.592676786205	-2.97899641047772	0.795185057171594	-3.74629324785574	0.000179466785935305	0.0136721851942259
ENSG00000306776	4.02249070337027	-5.57065662364767	1.4880339926712	-3.74363532760946	0.000181376842691169	0.0137659109140336
ENSG00000260364	14.1712961791929	-5.65573036018065	1.51190026890214	-3.74080915025403	0.000183428770307844	0.0138564430554213
ENSG00000260944	20.527763044587	-2.8787175071496	0.770403835761328	-3.736634442253	0.000186499752466212	0.0138564430554213
ENSG00000128228	267.043355816672	-1.61167240362398	0.431278068690485	-3.73696814335492	0.000186252510439172	0.0138564430554213
ENSG00000160255	1501.27253665073	-1.91537734679266	0.512286717902626	-3.73887762430086	0.000184843674760544	0.0138564430554213
ENSG00000297022	104.924559351025	-1.45241461263481	0.38910809124962	-3.73267646008178	0.000189455882674426	0.0140358164538375
ENSG00000189433	107.118417821485	-3.38438779328287	0.908468885765296	-3.7253755701626	0.000195024636647524	0.0142245264702933
ENSG00000307228	4.73508210055717	-3.92110167124237	1.05216623105637	-3.7266940864521	0.000194007690493275	0.0142245264702933
ENSG00000007264	36.8063784655189	-2.30116265463106	0.617161459172438	-3.72862339413859	0.00019252862966453	0.0142245264702933
ENSG00000196507	137.007884764368	-1.54877483671741	0.417215746997336	-3.71216774022507	0.000205491722926725	0.0148815799610167
ENSG00000186847	13.299511185074	-5.06617221826361	1.36484421050116	-3.71190512388469	0.00020570509786928	0.0148815799610167
ENSG00000173917	99.7258842943477	-1.53169943848122	0.413129302962968	-3.70755457793929	0.000209270324238359	0.0149486449001978
ENSG00000277449	256.384278778858	-2.37598739787547	0.642009326142262	-3.7008611886566	0.000214868999542058	0.0151818541551554
ENSG00000104903	33.7131063262993	-2.03817143010049	0.550796375047956	-3.70040821333117	0.000215252926797048	0.0151818541551554
ENSG00000279009	89.3093555721652	-1.65607023860598	0.448322580850446	-3.69392555571145	0.000220818473263417	0.0154961305483599
ENSG00000263427	7.63118488264486	-5.07901541268619	1.37539607389886	-3.69276567606348	0.000221828402195097	0.0154975036617671
ENSG00000198753	40.7274472223799	-1.6167758759397	0.438282490258088	-3.6888899553976	0.000225234606170318	0.0156877869085711
ENSG00000246145	69.6535288007564	-1.47906915035893	0.401310280738866	-3.68559994933536	0.000228164515113461	0.0158129898439677
ENSG00000229915	9.82725681217522	-2.08472027593129	0.56576616256115	-3.68477369960414	0.000228905930011096	0.0158251055079453
ENSG00000262814	28.4448277628142	-2.41228573312424	0.655180599584923	-3.68186380160293	0.000231535099151907	0.0158255249910188
ENSG00000108479	195.746256839482	-1.1471847198201	0.311424463728497	-3.68366924706411	0.000229900515131113	0.0158255249910188
ENSG00000184113	38.7907673726446	-1.59255969680859	0.432568863710606	-3.68163275356323	0.000231745067000597	0.0158255249910188
ENSG00000305798	27.4427084406801	-3.73678844967167	1.01567522983276	-3.67911743824546	0.000234042482926227	0.0159046388032349
ENSG00000148926	707.439963677744	-1.94923562778247	0.530415184470529	-3.67492425717079	0.000237919986718222	0.0160898431695882
ENSG00000185340	179.057730215352	-1.90706154918376	0.518896266518426	-3.67522696198864	0.000237638064351374	0.0160898431695882
ENSG00000297052	21.9470589754505	-1.87703731639347	0.511267445417393	-3.67134135610977	0.000241280827330506	0.0162777137858479
ENSG00000187867	92.9623358007868	-3.36850776036384	0.91801235454682	-3.6693490492584	0.000243168872939368	0.0163655581233652
ENSG00000297555	27.8217430407173	-1.96671521512805	0.537070214739393	-3.66193313491119	0.000250319202125559	0.0168062868157857
ENSG00000109758	7.01765181137057	-5.25411853592053	1.43538867627469	-3.66041520513922	0.000251806876949067	0.016841958845971
ENSG00000173156	184.627091930265	-2.92718925519573	0.800111473009158	-3.65847679222346	0.000253718710797181	0.0169125622734254
ENSG00000287369	9.3966453141816	-4.06764343372643	1.11237519442978	-3.65671893269032	0.000255464228785198	0.0169883712142157
ENSG00000294752	8.93933353775364	-2.59210910281279	0.709603956557669	-3.65289550439834	0.000259299771840639	0.0171211409633784
ENSG00000147813	1217.68486013027	-1.82984462802852	0.501677812859993	-3.64744977976372	0.000264856057431932	0.0173241912975969
ENSG00000187634	239.900489347708	-1.47690601806616	0.405369367582741	-3.64335871472751	0.00026910339261075	0.0175199481482943
ENSG00000073169	289.859636709557	-1.14177114421274	0.313888745467472	-3.63750265245193	0.000275294358186759	0.0178398408913137
ENSG00000227687	4.84206819807594	-5.89903484627913	1.62248939828201	-3.63579253739679	0.000277127301794085	0.0178938786474575
ENSG00000172428	323.778284278295	-1.22531546954292	0.33704101710226	-3.63550846148544	0.000277432886859477	0.0178938786474575
ENSG00000065054	559.002368401655	-1.60364125900502	0.441174617985315	-3.63493545101998	0.000278050244647209	0.0178938786474575
ENSG00000060558	248.381724550327	-2.13342776849226	0.587372664992567	-3.63215364902835	0.000281065678682696	0.0179834465266867
ENSG00000025708	1119.18431254929	-2.06194792021257	0.567941084724002	-3.63056657754316	0.000282799742279274	0.0180333260316441
ENSG00000273175	407.118498451162	-1.92486152145669	0.531920282691971	-3.61870299759062	0.000296083202030976	0.0187519361286285
ENSG00000256712	4.74163001669271	-3.21725532875534	0.889622556801004	-3.61642733107429	0.000298697121112718	0.0188320780873097
ENSG00000263639	5.42747370899468	-4.87145572554593	1.34818509328797	-3.61334341241332	0.000302273932264425	0.0189442985906963
ENSG00000286790	28.7555328291103	-2.07180776056567	0.573409298171216	-3.61313945757998	0.000302511892998587	0.0189442985906963
ENSG00000117394	5218.29380221604	-2.45654672139758	0.680031540784055	-3.61240115210723	0.000303374765741262	0.0189558326781956
ENSG00000168140	140.003847475794	-1.65613278145398	0.458655982273833	-3.61083872327041	0.000305208413734252	0.0190278370437448
ENSG00000130487	35.0173933503746	-2.42388536969992	0.671410241796455	-3.61014059483881	0.000306031079060463	0.0190366326016898
ENSG00000179148	10.8162197972435	-3.85663878023423	1.06900889517042	-3.60767697786034	0.000308950794734424	0.0191330281528436
ENSG00000122490	504.297951099394	-1.58034987004192	0.438026693108006	-3.60788485018707	0.000308703434314344	0.0191330281528436
ENSG00000198363	6629.47310747818	-1.40995565285382	0.391132011052615	-3.60480761740607	0.000312384244288658	0.0193028582809341
ENSG00000223669	3.2574694156819	-5.90216450562685	1.63756465041022	-3.6042329712896	0.000313076139985312	0.0193029063792269
ENSG00000197696	91.6954640866161	-2.13247852775224	0.592082770123023	-3.60165611187967	0.000316196454899731	0.0194353091350167
ENSG00000188130	125.136707036417	-1.87652366597496	0.52113252743158	-3.6008569168067	0.000317170098249765	0.0194353091350167
ENSG00000298520	5.37770873612389	-5.98250608636403	1.6630348510678	-3.59734258276235	0.000321484939870336	0.0196049658746255
ENSG00000232600	34.7970689554107	-1.59557272554577	0.443639583867923	-3.5965517586023	0.000322463444389534	0.0196217952108926
ENSG00000161682	12.0661533160317	-2.11745835085425	0.588915801689592	-3.59551967323561	0.000323744660104004	0.0196569312102279
ENSG00000115756	1030.66075450621	-1.6317809587981	0.454053594752312	-3.59380693745689	0.000325881344343764	0.0196987320982262
ENSG00000238280	55.3156291167058	-1.61415093921488	0.449214552606379	-3.5932739263442	0.000326548978212629	0.0196987320982262
ENSG00000073150	9.12844089605185	-2.38632122102866	0.664035833443446	-3.59366332484511	0.000326061103389386	0.0196987320982262
ENSG00000256152	226.334349427428	-1.28607090995154	0.357999842845776	-3.59237842041616	0.000327673545052732	0.0197206844560426
ENSG00000254681	28.5360287578689	-2.25298061794703	0.627343170848161	-3.59130492311095	0.000329026407972571	0.0197206844560426
ENSG00000180818	9.51059455858214	-4.55257748506375	1.26795261888092	-3.59049495799126	0.000330050615291066	0.0197394297325042
ENSG00000301129	99.1509695625441	-1.75635184081783	0.489469984964903	-3.58827281502005	0.00033287587434707	0.0198658614754566
ENSG00000197582	12.5600605709958	-4.7942876095711	1.33722482738196	-3.5852517178861	0.000336753242898792	0.0199571123012333
ENSG00000197019	250.470563417195	-2.11614385138459	0.590300784473797	-3.58485691878413	0.000337263050704694	0.0199571123012333
ENSG00000302197	230.705397724019	-1.49444624474802	0.417271593565742	-3.58147131938079	0.000341664650195375	0.020115455990745
ENSG00000288934	146.408737104566	-1.25012923270689	0.349338087400444	-3.57856551517062	0.000345485268762804	0.0202293575608912
ENSG00000234743	45.9844544745273	-1.4695157257575	0.410628877434371	-3.57869552414119	0.00034531347938324	0.0202293575608912
ENSG00000236060	16.4350644334621	-2.1045028158683	0.58898534316351	-3.57309878810357	0.00035278159458684	0.020538992195424
ENSG00000124074	164.211774184031	-1.23027497661081	0.344435052111734	-3.57186345892495	0.000354450205449135	0.020538992195424
ENSG00000161677	99.8979071715496	-1.74393634149124	0.488137722501382	-3.57263178218378	0.000353411533463918	0.020538992195424
ENSG00000288751	27.3330989273539	-2.2557233895935	0.632121415980883	-3.56849702061307	0.000359034935857801	0.0205438355098076
ENSG00000303745	1492.59707253966	-2.56036071518947	0.717406117732692	-3.56891396923307	0.000358464102366975	0.0205438355098076
ENSG00000291205	7.0363147243375	-3.77055081746468	1.05613596721865	-3.57013768539147	0.000356793641421673	0.0205438355098076
ENSG00000183250	48.613953068378	-2.38298114281318	0.667695288744857	-3.56896503986533	0.00035839424126908	0.0205438355098076
ENSG00000266677	92.1950657326296	-1.73347985350667	0.486254436517866	-3.5649646014962	0.000363905299575959	0.0207426020758296
ENSG00000143320	165.925277711238	-3.23637469946082	0.908720829620612	-3.56146199577267	0.000368795496548966	0.020860139715165
ENSG00000242114	9.3982832732033	-2.68866224035221	0.755149916071673	-3.56043506478656	0.000370240861644788	0.0208905601328059
ENSG00000178814	814.56604064312	-2.23004766307615	0.626980891828413	-3.55680323298665	0.000375395115485871	0.0210961480392764
ENSG00000132613	493.438518422529	-1.09232849505544	0.307094378619924	-3.55697977919472	0.000375143019983688	0.0210961480392764
ENSG00000255173	14.88518021752	-2.8111015395323	0.791340782656903	-3.55232739312905	0.000381839443508229	0.0212099199933104
ENSG00000165886	109.618747064614	-1.93896059121704	0.545699115634163	-3.55316791921818	0.000380621420538552	0.0212099199933104
ENSG00000204044	255.397719479213	-2.46388045347066	0.693311105378657	-3.55378766380065	0.000379725663392007	0.0212099199933104
ENSG00000007080	426.055628761602	-1.5878072447152	0.446988444907928	-3.55223331341879	0.000381976002743828	0.0212099199933104
ENSG00000183019	25.8066385582211	-2.46625913287417	0.69413229116584	-3.55301023200049	0.000380849651107412	0.0212099199933104
ENSG00000011600	467.984843318801	-1.93158696243688	0.544112334496036	-3.54997826731118	0.000385262954570256	0.0213077115270243
ENSG00000127129	34.1260419995979	-3.5644531593926	1.00484789276117	-3.54725644057233	0.000389265490699355	0.0214441521799467
ENSG00000103260	118.083488756355	-1.7834615032378	0.503051590817357	-3.54528548521243	0.000392188066375601	0.021520260695227
ENSG00000280486	164.351275391911	-1.76821151038366	0.499702777499958	-3.5385264801411	0.000402366922173255	0.0219923838283738
ENSG00000291077	30.473465441399	-2.07473319198494	0.586781129789564	-3.53578717285779	0.000406562090186696	0.0221782796463172
ENSG00000104140	84.9832586961253	-2.13998116634013	0.605462324041192	-3.53445801888499	0.000408612339737577	0.0222033903674524
ENSG00000162783	824.201407777633	-1.9020857114407	0.53882641889216	-3.53005280504143	0.000415476734430532	0.0225069093748732
ENSG00000176170	271.68038999675	-2.36628236735623	0.670365171554641	-3.5298408505749	0.000415809711329559	0.0225069093748732
ENSG00000115255	197.004608516536	-2.53556536700209	0.718442595632329	-3.52925255603817	0.000416735218483181	0.0225133745691204
ENSG00000287407	7.59674878082746	-4.17587963052496	1.1835483730348	-3.52827119335847	0.000418283384504079	0.0225533878942064
ENSG00000129654	110.127823805894	-4.14137879451712	1.1752304564636	-3.52388654645575	0.000425266296946809	0.0227978650167455
ENSG00000204052	15.0067144213703	-2.13362503029421	0.605770095110458	-3.52216962757984	0.000428030170646907	0.0228582842565356
ENSG00000176692	43.3824383766863	-3.27709129907536	0.93090507397549	-3.5203281093746	0.00043101325887812	0.0229067175317378
ENSG00000225407	14.7101366086398	-2.53307953664892	0.720807202388166	-3.51422617345716	0.000441037120443417	0.0229725961426738
ENSG00000198517	950.850389254165	-1.30629919223916	0.371610649332548	-3.51523616071126	0.000439363089374589	0.0229725961426738
ENSG00000172889	166.360529238482	-1.66487132258531	0.473729938202752	-3.51438908189238	0.000440766701287696	0.0229725961426738
ENSG00000257548	9.01838319791121	-2.36616679049298	0.673291855351577	-3.51432558063164	0.000440872091520335	0.0229725961426738
ENSG00000299666	1352.89994201249	-1.54326424373259	0.439196462898235	-3.51383577533541	0.000441685790498239	0.0229725961426738
ENSG00000308766	6.58627950816177	-3.26652252556135	0.928799624985047	-3.51692920377087	0.00043657020718355	0.0229725961426738
ENSG00000161653	83.4696218003388	-2.44779790945417	0.696804875658596	-3.51288860764729	0.000443263269931159	0.0230117902029317
ENSG00000179588	98.024862375104	-2.02491249053692	0.577709707504908	-3.50506917960992	0.000456488650057182	0.0235587562391559
ENSG00000205710	23.301751113661	-1.20269891120439	0.343101387054176	-3.50537466936699	0.000455965122405399	0.0235587562391559
ENSG00000250261	21.4845257463214	-2.2543342495625	0.643237190642267	-3.50467025594644	0.000457173142915234	0.0235587562391559
ENSG00000112837	113.392415260044	-3.22804440750331	0.921596334101245	-3.50266628463898	0.000460626169109925	0.0235888467472316
ENSG00000229950	53.8283666367265	-2.83188771226958	0.808549500238317	-3.50242961183563	0.000461035580911146	0.0235888467472316
ENSG00000187479	307.390173518622	-1.66967868006914	0.476731264563298	-3.50234776734985	0.00046117723974591	0.0235888467472316
ENSG00000237493	24.5797645373706	-1.50850669222275	0.430917125560297	-3.50068865390608	0.000464057652835852	0.0236086161087529
ENSG00000250746	27.6324847912977	-1.93692233350571	0.553510090164607	-3.49934421778958	0.000466404052109022	0.0236848457734636
ENSG00000253806	21.021696043849	-3.98019738961503	1.14060709400989	-3.4895429026505	0.00048384738450078	0.0244373552425077
ENSG00000288813	1892.15970409557	-1.84278875679825	0.528444281450439	-3.48719594758465	0.000488113589349984	0.0245639865775586
ENSG00000103528	65.5258189314073	-1.85579977030968	0.532427294342116	-3.48554589524334	0.000491133964665606	0.0246463896158134
ENSG00000147119	33.1892618904495	-1.57936424767388	0.45340058455986	-3.48337497007653	0.00049513433636504	0.0246508057302595
ENSG00000074803	10.2016580518915	-4.65124377539727	1.33499953919819	-3.48407893697913	0.000493833817286908	0.0246508057302595
ENSG00000198816	181.725837886838	-1.12084846418044	0.321665644572095	-3.48451406948192	0.000493031540602156	0.0246508057302595
ENSG00000286307	14.8776418786097	-1.76878670601659	0.508033970962624	-3.4816307709996	0.00049837036770468	0.0247110651572973
ENSG00000267124	30.5286248811668	-1.32247758501975	0.379881127968962	-3.48129319319016	0.000498998952693007	0.0247110651572973
ENSG00000138061	367.131827781399	-3.15304443900001	0.906835213710658	-3.4769761819219	0.000507102863726872	0.0249795114354348
ENSG00000294554	113.734701279903	-1.93310837607214	0.556589295458086	-3.47313250873994	0.000514421308627508	0.0252953999119125
ENSG00000215845	279.277119931179	-1.3574296946962	0.391059951743684	-3.47115496906191	0.000518224833144044	0.0253367963357033
ENSG00000134183	30.9836943223504	-1.19879715767492	0.345272334525738	-3.47203363200695	0.000516531621882762	0.0253367963357033
ENSG00000184990	478.305905193349	-1.27218716366687	0.366567885779377	-3.4705363263397	0.000519420079104731	0.0253367963357033
ENSG00000170909	96.6055655851279	-2.10962430752084	0.607901242058008	-3.47034051185494	0.0005197989366401	0.0253367963357033
ENSG00000136155	153.029873622283	-2.90420159962966	0.837307847805758	-3.46849919923763	0.00052337408657365	0.0254666171393764
ENSG00000172216	925.724857796762	-1.78759925951762	0.515648011213598	-3.46670445855194	0.000526880854276269	0.025592664799889
ENSG00000115194	7.31019187141827	-3.40466883699739	0.982832249730041	-3.46414033313677	0.000531928935438408	0.025793012442352
ENSG00000128274	123.71195770832	-1.61376094930341	0.465927261319744	-3.46354695952413	0.000533103534240633	0.0258051676106428
ENSG00000124243	207.132021932369	-1.63932381650976	0.47342528114492	-3.46268752810423	0.000534809087404546	0.0258429373896349
ENSG00000288859	5.02559211611918	-3.74953648767231	1.08304166900865	-3.46204268493602	0.000536092124386072	0.0258601952229758
ENSG00000285908	185.487018938725	-1.02448202757182	0.296302155716451	-3.45755846795864	0.000545093946343041	0.0261723561895743
ENSG00000100284	723.100071100724	-1.0225994046397	0.295769523210854	-3.45741979612514	0.000545374554326252	0.0261723561895743
ENSG00000150977	298.718243530318	-1.34527991866303	0.389280245040526	-3.45581348091008	0.000548634819977574	0.0262019987611597
ENSG00000273361	20.4079158677743	-2.09672077925759	0.607295084513317	-3.4525568092452	0.00055530053321964	0.026466798451919
ENSG00000272694	7.1786809526958	-4.61619019661295	1.33827539177872	-3.4493574528614	0.000561922322903041	0.0267367810539726
ENSG00000233198	6.06666680134172	-2.61095841915016	0.757592547325558	-3.44638873279222	0.000568132468860228	0.0269862922708608
ENSG00000163220	547.227778437235	-2.07900195482685	0.603443242777167	-3.44523197452484	0.000570569502386515	0.0270101800028057
ENSG00000305647	241.013354333753	-2.9683138439166	0.861508573544176	-3.44548381185018	0.000570038109422017	0.0270101800028057
ENSG00000299092	119.686723548347	-1.28503841353466	0.373114475694731	-3.44408619135439	0.000572993007331441	0.0270790096358158
ENSG00000023191	1692.77522023938	-1.20867680469987	0.351098092412254	-3.44256158270625	0.000576232649996836	0.0270945756134876
ENSG00000181409	225.919894472346	-1.99685028593893	0.57999563914477	-3.4428712065549	0.000575573353038889	0.0270945756134876
ENSG00000141574	711.738499722627	-2.91096821446858	0.845794605545875	-3.44169635911764	0.000578078742079321	0.0271356962458411
ENSG00000286966	56.6372003769985	-4.06559408599559	1.18253435559373	-3.43803464716619	0.000585952720270081	0.027413164953339
ENSG00000184709	5.453547059809	-3.84615144213865	1.1190852325729	-3.43687087470178	0.000588476078506311	0.0274851787168583
ENSG00000262413	1194.45327756741	-1.39885320577266	0.40728483215812	-3.43458212858167	0.000593468205695158	0.0276720650835822
ENSG00000169583	59.8708439388489	-3.0765786160029	0.896161485937413	-3.43306275072143	0.000596803956021209	0.0276889277270305
ENSG00000261245	5.08021253628266	-3.28938133512601	0.958130366842699	-3.43312502030952	0.000596666902670866	0.0276889277270305
ENSG00000132518	6.26566258016375	-2.416028673405	0.703588397722648	-3.43386656349809	0.000595037040224071	0.0276889277270305
ENSG00000268739	970.687468317516	-4.89368602551087	1.4265452944853	-3.43044559778701	0.000602590792157944	0.0279110461442312
ENSG00000188290	62.8921782440036	-2.11975381623035	0.618616043196893	-3.42660659958939	0.000611173816788764	0.0281523388446921
ENSG00000296848	17.2995812726744	-3.0767058795249	0.897963716148992	-3.42631425323026	0.000611832068697748	0.0281523388446921
ENSG00000088836	397.047993901828	-3.39933961805772	0.992845132330113	-3.42383671668893	0.000617437076051153	0.0283635156810998
ENSG00000257453	764.269701178749	-1.96395217381296	0.573811268156674	-3.42264483603121	0.000620150491890709	0.0283947594073894
ENSG00000177045	153.304829828161	-1.04033978638482	0.304126604413851	-3.42074573972206	0.000624496876434652	0.0285469685087068
ENSG00000105472	140.288130002183	-2.19144866281577	0.641569404911595	-3.41576241952769	0.00063603712591924	0.0287917616319682
ENSG00000226308	9.75015356554078	-3.61952340841765	1.05984779215835	-3.41513511203961	0.000637503804709664	0.0288114583584804
ENSG00000108786	136.300862571279	-1.48367255282406	0.435793072082501	-3.40453450931222	0.000662769254100643	0.0296178324272495
ENSG00000159069	1192.21115783775	-1.30365554742002	0.383001176119578	-3.40378993252231	0.000664578417754	0.0296512383512288
ENSG00000290746	47.6677016329793	-1.42034101713842	0.417402298935337	-3.40281071944564	0.000666964688480529	0.0296828429006603
ENSG00000104518	1026.11764853942	-1.39362528978341	0.409573286543163	-3.40262740655217	0.000667412292932855	0.0296828429006603
ENSG00000121753	48.8545869108733	-1.96469586943157	0.578095273520003	-3.39856760542013	0.000677397188146961	0.0299895238866647
ENSG00000278831	28.7828059921461	-1.405187695497	0.413467243196386	-3.39854660464498	0.000677449197734513	0.0299895238866647
ENSG00000109089	268.881283146588	-1.53107346330364	0.450597287143323	-3.39787545772916	0.000679113286694728	0.0300120792680123
ENSG00000245330	63.2312132297846	-2.0531259498688	0.604932390302401	-3.3939758934754	0.000688857560589713	0.0303381230718692
ENSG00000181649	435.583184808169	-2.8561122502962	0.841419272893141	-3.39439841979817	0.000687795503959273	0.0303381230718692
ENSG00000156875	14.8055991926803	-2.02530016705364	0.597297719072426	-3.39077164098138	0.000696961476296345	0.0306071289826367
ENSG00000198610	47.9543742186717	-3.91978766284317	1.15638362243559	-3.38969489604778	0.00069970451457108	0.0306312650344361
ENSG00000241360	10.0723190540031	-3.28814861770594	0.969986075198517	-3.38989259926539	0.000699200109265373	0.0306312650344361
ENSG00000022567	530.711528629092	-1.31541262545958	0.388401277099755	-3.38673609747616	0.000707293887127511	0.0309150520617706
ENSG00000227591	215.095450189877	-2.56651630171097	0.758149881873758	-3.38523603719077	0.000711170723220276	0.0310359348430349
ENSG00000175920	48.3107331819995	-3.1121565733304	0.920678452940101	-3.38028609596761	0.000724104135646722	0.0313068552764906
ENSG00000296908	54.9463039296106	-2.51136346047347	0.742811668825987	-3.38088854264053	0.000722518440887617	0.0313068552764906
ENSG00000235174	186.647432839537	-1.82648699811566	0.540160136295204	-3.38138058584439	0.000721225732158129	0.0313068552764906
ENSG00000160963	5.3045814114987	-3.7931058447913	1.12153620182988	-3.38206278014257	0.000719437008024737	0.0313068552764906
ENSG00000167711	75.3867577866902	-2.17202012217571	0.642455671437968	-3.38080932076483	0.000722726775739185	0.0313068552764906
ENSG00000170604	191.504840986672	-1.42596558286597	0.422238139298965	-3.37715959347841	0.000732385428534343	0.0315185285346136
ENSG00000295286	85.3831445828394	-1.29125949144462	0.382445650892091	-3.37632154642793	0.000734620101198724	0.0315289315047224
ENSG00000271303	5.11601981974335	-5.36464007937748	1.58894747681722	-3.37622240989567	0.000734884869658944	0.0315289315047224
ENSG00000237087	3.75808886101662	-4.9335339070483	1.46218951736122	-3.37407281920045	0.000740647722671453	0.0317274400218001
ENSG00000226963	46.9762475217359	-2.41639796716505	0.716375980549476	-3.37308624629153	0.000743306660860015	0.0317439679477374
ENSG00000272115	7.2833718677575	-2.95773424368893	0.876783321902862	-3.37339245604014	0.000742480439748749	0.0317439679477374
ENSG00000215006	21.6932998373053	-2.28751912345321	0.678476024070896	-3.37155484099197	0.00074745155738999	0.0318722473250418
ENSG00000279035	25.0729985875195	-2.2469546707607	0.66654888118335	-3.37102759331257	0.000748883564380279	0.0318846310261299
ENSG00000070047	802.570831685374	-1.13719846544084	0.337495232585112	-3.36952453144374	0.000752979883548397	0.0319615929293416
ENSG00000198576	10.5845748640222	-3.76016412707178	1.11635771618939	-3.36824305734799	0.000756488727683562	0.0320142990000827
ENSG00000279196	364.996479195965	-1.6535782777304	0.49093333806276	-3.36823383039229	0.000756514047262964	0.0320142990000827
ENSG00000179044	71.8788559770022	-1.22592968117794	0.364167510907777	-3.36638948961154	0.000761590909480967	0.032083309354153
ENSG00000233554	90.6807527258219	-1.12379224892486	0.3338915941667	-3.36573986454954	0.000763386633856983	0.0321105251259421
ENSG00000131095	34.0989910249055	-1.78834771719026	0.531493633430265	-3.36475849324524	0.000766106843432912	0.0321764874241823
ENSG00000267735	148.609724672271	-1.18768534147177	0.353036691421783	-3.36419802907344	0.000767664398171376	0.0321934934548446
ENSG00000214999	24.6222408307279	-2.35310807729863	0.700225383409113	-3.36050096590658	0.000778012586767381	0.032481153286118
ENSG00000188483	167.699125772835	-2.36472082259866	0.704635729810734	-3.35594793530244	0.000790934572117937	0.0329222095368912
ENSG00000171700	111.675694354199	-1.83294087971709	0.547255834835679	-3.34933090346575	0.000810069856418405	0.0335686217949051
ENSG00000129991	6.29888159102139	-3.49353739536054	1.043354589878	-3.3483701794699	0.000812883544840112	0.0336353146776064
ENSG00000066336	309.166712393257	-1.55024970907672	0.463095255202917	-3.34758279567655	0.000815196327527706	0.0336811145382379
ENSG00000136463	23.758738868598	-1.47451388908635	0.440905234228341	-3.34428755799872	0.000824941828439113	0.0339832231095936
ENSG00000258427	19.6977425786613	-1.56103162949909	0.467021459662306	-3.34252655247971	0.000830194121929603	0.0340990026845497
ENSG00000160345	26.9288851068215	-1.88439240981307	0.563977558130103	-3.34125424433708	0.000834008133652273	0.0342053556136681
ENSG00000101210	46.5846498073193	-3.17914464917885	0.951879570596916	-3.33986015393232	0.000838205871244682	0.0343271114132903
ENSG00000288766	20.7667337168009	-1.50963941655635	0.452562194512979	-3.33576121660127	0.000850661949197648	0.0346340936459043
ENSG00000126583	45.6521986198194	-3.13899611107461	0.941012145147826	-3.33576577864625	0.000850647990876152	0.0346340936459043
ENSG00000217455	10.1589742556387	-3.81811688321975	1.14517128323832	-3.33410114199062	0.000855755344444541	0.0347907522130073
ENSG00000138623	188.250742118517	-1.78303971028702	0.534925377365447	-3.33324943203973	0.000858379500991708	0.0348467143353174
ENSG00000185567	1303.85760220772	-2.86280196464833	0.859812757442875	-3.32956441953995	0.000869819403971004	0.0352598780158348
ENSG00000292986	44.1959801988731	-2.63497968626941	0.791618103182165	-3.32859958062764	0.000872837954364391	0.0352798322219934
ENSG00000276166	35.7778139559571	-1.71665334304852	0.515676743075984	-3.32893303042673	0.000871793642190195	0.0352798322219934
ENSG00000184260	5.14008541061929	-2.8826337844591	0.866730688989121	-3.32587021675804	0.000881429593903896	0.0354914473398977
ENSG00000167394	115.258522722974	-1.22210210586555	0.367405050795254	-3.32630730911372	0.000880048439034614	0.0354914473398977
ENSG00000297739	50.4468051814712	-2.58666935590933	0.778655546733682	-3.32196870202741	0.000893847194677384	0.0357866914156447
ENSG00000266962	160.868508578929	-1.34035396741608	0.403475037769837	-3.32202451686908	0.000893668411637164	0.0357866914156447
ENSG00000267879	3.65026214963618	-6.00439033260566	1.80752955933473	-3.32187670270555	0.000894141954220414	0.0357866914156447
ENSG00000143774	2441.00810643412	-1.53329469849612	0.461767645539179	-3.32048967334163	0.000898596834369866	0.0359053069870534
ENSG00000105655	257.668628471012	-1.55349909807395	0.467977042897501	-3.31960535597086	0.000901447827040349	0.0359677682989099
ENSG00000163462	39.0211418876402	-1.36014722992661	0.40995894637965	-3.31776447846323	0.000907409629817074	0.0361539956644663
ENSG00000186940	33.532705959807	-2.24908305539752	0.678011544660202	-3.31717516185464	0.000909325878307341	0.0361787347309459
ENSG00000304365	17.695338417014	-3.01188454518261	0.909133380897616	-3.3129182235162	0.00092327971334675	0.0366816534762087
ENSG00000188910	346.861677469376	-1.97087566386979	0.595479788981239	-3.30972721549728	0.000933869350946655	0.0369971219460143
ENSG00000251664	3.3944812966793	-4.7210346562043	1.42783337572724	-3.30643248467262	0.000944921188947346	0.0372763401233042
ENSG00000310295	72.3298325981517	-2.26630938528279	0.685674884482627	-3.30522443882835	0.000949003722114882	0.0373845895044692
ENSG00000183255	5936.51380213997	-1.36687084417473	0.413829970467408	-3.30297692704782	0.0009566425874902	0.037632433054368
ENSG00000167972	145.664797486183	-1.86102830512092	0.563877740216953	-3.30041101534685	0.000965433240132788	0.0377412139817231
ENSG00000196878	3560.22699974192	-1.86825720075267	0.566438591863571	-3.29825196868411	0.00097288789359894	0.0378768210286891
ENSG00000307621	47.6185298241715	-1.92279133294668	0.583075591461278	-3.29767076705761	0.000974903725419888	0.0378768210286891
ENSG00000298739	234.061341681866	-1.45479855506375	0.44166736292903	-3.29387832828734	0.000988152620901318	0.0382848799814994
ENSG00000227766	5555.26200893147	-1.75084774420213	0.531553027926567	-3.29383457946176	0.00098830642558758	0.0382848799814994
ENSG00000215692	31.1028087056334	-2.02191167628714	0.614126496280094	-3.29233747205882	0.000993583078124704	0.0383298002376008
ENSG00000165507	758.93162052274	-1.49345480059652	0.454105869013514	-3.28878110261128	0.00100622248041105	0.0385732436874838
ENSG00000303516	3.69335757583042	-3.21386507053663	0.977268635285929	-3.28861988863105	0.00100679894909329	0.0385732436874838
ENSG00000188293	11.5656834955541	-3.54818580744433	1.07944500274903	-3.28704639736916	0.00101244151231636	0.0385737494827748
ENSG00000154102	25.6613614414586	-3.12415131728615	0.950781336762655	-3.28587783172488	0.00101665093252468	0.038632735435938
ENSG00000278713	149.944295055984	-1.5211387237817	0.46313010082481	-3.28447388989107	0.00102172964809015	0.0387203650897665
ENSG00000168427	15.8580921329188	-2.82416661921994	0.860412096837402	-3.28234183317583	0.00102948721927914	0.0388978687591857
ENSG00000185022	598.234967867397	-1.37406044895297	0.418660542797653	-3.28203952484025	0.00103059158187603	0.0388978687591857
ENSG00000247317	414.836574421325	-2.50507532971959	0.763586817595648	-3.28066864434286	0.00103561331746676	0.0389820484593621
ENSG00000121270	53.0741854216409	-1.57220556092026	0.479204453170698	-3.2808659237568	0.00103488926198273	0.0389820484593621
ENSG00000211591	24.5306266340194	-1.98675670380398	0.606153960677407	-3.27764368904507	0.0010467743823914	0.0392931723894743
ENSG00000171345	9926.90234629124	-1.76503350799541	0.538565506172675	-3.27728658401956	0.0010480992993254	0.0392931723894743
ENSG00000105668	3.38004159251489	-3.78223992297432	1.15448276193677	-3.27613373510161	0.00105238715141648	0.0393482906814757
ENSG00000173898	699.823277062894	-1.65606114384292	0.506188369510334	-3.27163017483971	0.0010692934942118	0.0399200024152912
ENSG00000185033	1403.89486575693	-1.34907750201314	0.412397763980513	-3.27130168939735	0.0010705364056231	0.0399200024152912
ENSG00000298654	7.94096122810789	-5.56662826105691	1.70339570529772	-3.26795954911955	0.00108325846755968	0.0402868295591768
ENSG00000267769	59.1507565906413	-1.63497108058073	0.500621915901372	-3.26587995580848	0.00109124499207536	0.0404360956227369
ENSG00000128285	11.4264268073165	-2.68917733406061	0.823459952487807	-3.26570506062398	0.00109191914058954	0.0404360956227369
ENSG00000142552	396.54256893684	-1.65535969179571	0.507358149331828	-3.2627044504474	0.00110354540678511	0.0407160148104468
ENSG00000179008	8.91462424981651	-1.91131420268085	0.587007691937951	-3.2560292291415	0.00112982119863314	0.0414205929474836
ENSG00000171222	278.516756736078	-1.56850901294403	0.481809981071725	-3.25545147374299	0.00113212241250937	0.0414419121643338
ENSG00000132432	1459.79439646346	-1.33128911540668	0.409121149248656	-3.25402174356316	0.00113783570393042	0.0415421584454596
ENSG00000142544	42.5322417311433	-1.22284428431113	0.375950946203904	-3.252669787531	0.00114326271089096	0.0416858061555933
ENSG00000197530	448.344387217299	-1.52419736218642	0.46898868212725	-3.24996619379584	0.00115418728114403	0.0419199619796526
ENSG00000119782	7.7372220586728	-2.5747718989047	0.79304691307686	-3.24668295966894	0.00116758374645568	0.0421325762771409
ENSG00000307158	8.20948040045187	-1.99381333304616	0.614369890217242	-3.24529793011364	0.00117327800949346	0.0422289366045779
ENSG00000267573	4.60372451921086	-3.39336772527332	1.04556955240646	-3.24547297447903	0.00117255693674626	0.0422289366045779
ENSG00000135750	492.510967886915	-1.80796032237732	0.55756207365963	-3.24261711437893	0.00118437260059967	0.0424640908019883
ENSG00000170370	4.68609488830082	-3.62019882024504	1.11673821502836	-3.24176138286188	0.00118793441491535	0.0425371900110075
ENSG00000130005	38.1105620565217	-1.88761851218307	0.582437510581328	-3.24089447861806	0.00119155282270873	0.0425576347036505
ENSG00000180900	1303.52135646787	-1.58037913696845	0.487856384392049	-3.239435185291	0.00119766683354614	0.0427213724916267
ENSG00000180921	1840.24645910874	-1.39059890714253	0.429496104445663	-3.23774509884631	0.00120478401425961	0.0428229118681505
ENSG00000261691	101.917217364511	-1.64589006421588	0.508356781072768	-3.23766717686467	0.00120511309446353	0.0428229118681505
ENSG00000240093	50.2540749768828	-1.32993572989231	0.41118752049465	-3.23437765886579	0.0012190813696708	0.0430454395131549
ENSG00000255045	46.2966317833634	-1.34406143833259	0.415519858614304	-3.23465030724364	0.00121791796438585	0.0430454395131549
ENSG00000183248	135.560960273639	-2.56205960580309	0.792013070674418	-3.23487035841648	0.00121697974213406	0.0430454395131549
ENSG00000125531	16.2241812627549	-2.15709673288722	0.667194618393441	-3.23308473033155	0.00122461235341828	0.043186140190622
ENSG00000187024	126.878699462052	-1.37911740882889	0.426684197688352	-3.2321736223196	0.00122852386828454	0.0432694472146117
ENSG00000163702	27.9598642718084	-1.76351396180588	0.545707503769413	-3.23161024839242	0.00123094828170848	0.043300233637428
ENSG00000236876	15.0013944270847	-1.83404964840978	0.567619597382564	-3.23112460680893	0.00123304172848585	0.0433193150649179
ENSG00000250120	15.6669515955239	-2.63604139197409	0.816199166334664	-3.22965459988383	0.00123939851759562	0.0434333759052016
ENSG00000289469	452.672591311299	-1.07464526418803	0.33287830525732	-3.22834275233802	0.00124509691433246	0.0434980213800238
ENSG00000305936	74.628063566471	-1.0576980285143	0.327647866991186	-3.22815478161727	0.00124591539935621	0.0434980213800238
ENSG00000128422	351.534839284255	-3.41862450357168	1.0592899834326	-3.22727917476735	0.00124973462500108	0.0435768889841199
ENSG00000297857	30.1542545595326	-3.09905811304779	0.96153735625163	-3.22302414243049	0.00126844862244035	0.0439550496585098
ENSG00000119986	284.90139030556	-1.06426255152283	0.330597093710374	-3.21921327129147	0.00128542842488472	0.0444331880037503
ENSG00000279605	1462.97408370726	-1.19962452042337	0.372863715353531	-3.21732705818785	0.00129391007531474	0.0446710857892961
ENSG00000300379	8.50568610838986	-2.12137732565259	0.659477634720745	-3.21675400948342	0.00129649709002453	0.0447051404004754
ENSG00000139722	792.381638923282	-1.20068508386933	0.373459839324886	-3.21503132984753	0.00130430286043529	0.0449188395708478
ENSG00000232748	75.6375811834268	-1.46106019564212	0.454990752245328	-3.21118657562148	0.00132188080169896	0.0453544399592451
ENSG00000102309	409.629706453953	-1.00690299578659	0.313763757776149	-3.20911185830758	0.00133145681644131	0.0454909249750714
ENSG00000103145	267.468822561445	-1.04276422940672	0.324957347612845	-3.20892645470837	0.00133231566880087	0.0454909249750714
ENSG00000198598	16.426710247727	-2.05840297583236	0.641945511831731	-3.20650730925573	0.00134356891629455	0.0457075272011046
ENSG00000301079	26.0901130944707	-1.15031811333737	0.358709270108012	-3.20682571986779	0.00134208275660756	0.0457075272011046
ENSG00000275741	6.69690569675623	-2.08583600044226	0.651109486078	-3.20351038502976	0.00135763143550203	0.0460736889350811
ENSG00000110719	1322.50628109861	-1.36883798500863	0.427975218978609	-3.19840477744354	0.00138190162221359	0.0466705106510588
ENSG00000256249	129.688879259671	-3.12519068026158	0.977244590747115	-3.19796160536671	0.00138402706253263	0.0466858404064449
ENSG00000310238	55.4324403248913	-1.3551298372128	0.423897174325573	-3.19683621238766	0.00138943796996491	0.0468118244886851
ENSG00000142627	2202.64835655138	-1.93169345530129	0.604681673193175	-3.19456259539088	0.00140042912129615	0.0469555646552238
ENSG00000307753	35.0364370209477	-1.25282010831013	0.392532533443021	-3.19163381776605	0.0014147056134273	0.0472075600752981
ENSG00000006118	577.482263253239	-1.42275323869091	0.446125146296072	-3.1891348212564	0.00142699307694889	0.0475607597126281
ENSG00000184897	806.128451130651	-1.652591222308	0.518771008904564	-3.18558900544117	0.0014445965991306	0.0480328369210923
ENSG00000261236	1268.91052877851	-1.57118002553811	0.493595897791977	-3.18313023379354	0.00145692067861409	0.0482456967564728
ENSG00000258096	188.52970075733	-1.36332713687328	0.428454019746496	-3.18196836542674	0.00146277794957041	0.0483495717532562
ENSG00000103253	192.818942345796	-1.05401987590964	0.331350271019875	-3.18098389557804	0.00146775788588566	0.0484568294950194
ENSG00000173846	465.535865856557	-1.53346043846355	0.482288282772992	-3.17955151148744	0.00147503150239683	0.0485297332975751
ENSG00000176845	345.923191549696	-1.64888249129027	0.518568938859506	-3.17967847229082	0.00147438545905886	0.0485297332975751
ENSG00000170296	75.0195601804633	-1.37010542473301	0.430961701895234	-3.17918139525559	0.00147691633737697	0.0485297332975751
ENSG00000261553	29.5245563916186	-1.68680680144351	0.530749570752959	-3.1781595207896	0.00148213181168275	0.0486400521597627
ENSG00000143333	663.640602737132	-1.81821755851687	0.572411446602051	-3.17641718961102	0.00149106352649839	0.048765110415808
ENSG00000260898	40.3412079868673	-1.23647199093709	0.389435840503336	-3.17503388835239	0.00149819003312386	0.0488266600060085
ENSG00000183971	6.92432872434436	-2.91516899110673	0.918095169801065	-3.17523617049243	0.00149714595857792	0.0488266600060085
ENSG00000183770	3.52522308929147	-4.83493023174699	1.52349520242794	-3.1735775892446	0.00150572650857958	0.048944168660955
ENSG00000154146	48.6551250562614	-1.451019429371	0.457256739263961	-3.17331447472306	0.00150709186866825	0.048944168660955
ENSG00000071894	2173.5852740517	-1.28614532823425	0.405652988991549	-3.17055553178987	0.00152147748122119	0.0491270127751536
ENSG00000186352	290.757413625653	-1.36364381107907	0.430396269894917	-3.16834486370435	0.00153309545382189	0.0492467981876262
ENSG00000254333	5.30337185859187	-2.43763099556684	0.769290435626666	-3.16867451183264	0.00153135784891411	0.0492467981876262
ENSG00000153443	269.71517404294	-1.3607152961357	0.429367251241132	-3.16911756125417	0.00152902535276923	0.0492467981876262
ENSG00000297515	12.1263080691208	-4.27659595694017	1.35065256860822	-3.16631830889494	0.00154381756416018	0.0493915516231316
ENSG00000213025	17.9903197822637	-2.92561738345521	0.924400550407893	-3.16488061605359	0.0015514659479793	0.049579455294121
ENSG00000107872	94.9170814070216	-1.86020469868173	0.588451253736144	-3.16118741675045	0.00157127363412818	0.0499836817781322
